[{
  "_id": {
    "$oid": "68205bf5f94da516687c591e"
  },
  "category": "Meat",
  "priority": 1,
  "createdAt": "2025-05-04"
},
{
  "_id": {
    "$oid": "68205bf5f94da516687c591f"
  },
  "category": "Desserts",
  "priority": 2,
  "createdAt": "2025-05-01"
},
{
  "_id": {
    "$oid": "68205bf5f94da516687c5920"
  },
  "category": "Salads",
  "priority": 3,
  "createdAt": "2025-05-02"
},
{
  "_id": {
    "$oid": "68205bf5f94da516687c5921"
  },
  "category": "Soups",
  "priority": 4,
  "createdAt": "2025-05-02"
}]