[
  { "code": "en", "label": "English" },
  { "code": "he", "label": "עברית" },
  { "code": "fr", "label": "Français" },
  { "code": "ar", "label": "العربية" },
  { "code": "de", "label": "Deutsch" },
  { "code": "es", "label": "Español" },
  { "code": "it", "label": "Italiano" },
  { "code": "pt", "label": "Português" },
  { "code": "ru", "label": "Русский" },
  { "code": "zh", "label": "中文" },
  { "code": "ja", "label": "日本語" },
  { "code": "ko", "label": "한국어" },
  { "code": "pl", "label": "Polski" },
  { "code": "tr", "label": "Türkçe" },
  { "code": "nl", "label": "Nederlands" }
]